customer_name,country
Aarav,India
Vihaan,India
Arjun,India
Aditya,India
Ishaan,India
Kabir,India
Rohan,India
Krishna,India
Ayaan,India
Shaurya,India
Rudra,India
Dev,India
Reyansh,India
Yash,India
Kunal,India
Harsh,India
Sahil,India
Ankit,India
Varun,India
Nikhil,India
Raj,India
Ayush,India
Vikas,India
Ritesh,India
Manish,India
Sachin,India
Amit,India
Deepak,India
Pranav,India
Mohit,India
Saurabh,India
Rajesh,India
Akash,India
Neeraj,India
Vivek,India
Shubham,India
Tarun,India
Kartik,India
Ravi,India
Rahul,India
Abhishek,India
Chirag,India
Dhruv,India
Gaurav,India
Himanshu,India
Jatin,India
Karan,India
Lokesh,India
Naveen,India
Pratik,India